"Zeitstempel","George R.R. Martin -  Das Lied von Eis und Feuer 04. Die Saat des goldenen Löwen","Alex Spohr -  Der Pfad des Wolfes (Neuauflage)","J. R. R. Tolkien -  The Lord of the Rings","Antoine de Saint-Exupery -  Le Petit Prince","Alexander A. Bogdanow -  Der rote Planet","Terry Pratchett -  Die Nachtwächter","John Marrs -  The Passengers","Erin Hunter -  Island of Shadows","Guy Haley -  Warhammer 4000 - Belisarius Cawl","Andreas Abato -  Mandalas Weihnachten","R. E. Close -  JENN","SCHLEICH® Horse Club - Rätselblock für Pferdefans","Esphyr Slobodkina -  Caps for Sale: A Tale of a Peddler, Some Monkeys and Their Monkey Business","Deepa Agarwal -  Mahabharata Stories","Anna Zaires, Dima Zales -  Der X-Klub (Eine Krinar Erzählung)","Keegan Nielsen -  Thir13en","Felicity Brooks -  Meine kleine Stickerwelt: Züge, Lastwagen und Traktoren","Penelope Dyan -  Classy Nancy--A One Of A Kind Girl","Marnie Reynolds-Bourque -  The Watering Can","Anna Dewdney -  La Llama Llama Rojo Pijama (Spanish Language Edition)"
"2021/04/27 12:02:13 PM OEZ","George R.R. Martin -  Das Lied von Eis und Feuer 05. Sturm der Schwerter","Alex Spohr -  Rüstkammer des Dornenreiches","J. R. R. Tolkien -  Der Herr der Ringe","Jean-Jacques Sempe, Rene Goscinny -  Les vacances du petit Nicolas","H. G. Wells -  Krieg der Welten","Terry Pratchett -  Kleine freie Männer","Philip K. Dick -  Blade Runner","Erin Hunter -  Broken Pride","J. S. Morin -  Extinction Reversed","Loewe Verlag -  Mandala-Licherzauber Fabelwesen","R. E. Close -  White Witch","SCHLEICH® Horse Club - Von Punkt zu Punkt","Esphyr Slobodkina -  Circus Caps for Sale","Gustav Schwab -  Griechische Sagen","Lutz van Dijk -  Verdammt starke Liebe","Jay Asher -  13 Reasons Why","Fiona Watt -  Mein Stickerbuch: Bei den alten Griechen","Penelope Dyan -  Bubble Trouble---For Boys Only (R)","Morgan Michelle -  Toby Turtle and the Underwater Crew","Anna Dewdney -  Llama Llama y su Pijama Roja = Llama Llama and the Lucky Pajamas"
"2021/04/27 9:04:30 PM OEZ","George R.R. Martin -  Das Lied von Eis und Feuer 05. Sturm der Schwerter","Alex Spohr -  Rüstkammer des Dornenreiches","J. R. R. Tolkien -  Der Herr der Ringe","Jean-Jacques Sempe, Rene Goscinny -  Les vacances du petit Nicolas","Conan Doyle -  Die verlorene Welt","Terry Pratchett -  Kleine freie Männer","Philip K. Dick -  Blade Runner","Erin Hunter -  Broken Pride","J. S. Morin -  Extinction Reversed","Loewe Verlag -  Mandala-Licherzauber Fabelwesen","R. E. Close -  ACHIRD","SCHLEICH® Horse Club - Von Punkt zu Punkt","Esphyr Slobodkina -  Circus Caps for Sale","Tad Williams -  Brothers of the Wind","Lutz van Dijk -  Verdammt starke Liebe","Margaret Atwood -  The Testaments","Fiona Watt -  Mein Stickerbuch: Bei den alten Griechen","Penelope Dyan -  Bubble Trouble---For Boys Only (R)","Morgan Michelle -  Toby Turtle and the Underwater Crew","Anna Dewdney -  Llama Llama y su Pijama Roja = Llama Llama and the Lucky Pajamas"
"2021/04/29 5:35:39 PM OEZ","George R.R. Martin -  Das Lied von Eis und Feuer 03. Der Thron der Sieben Königreiche","Alex Spohr -  Rüstkammer des Dornenreiches","J. R. R. Tolkien -  Der Herr der Ringe","Jean-Jacques Sempe, Rene Goscinny -  Les vacances du petit Nicolas","H. G. Wells -  Krieg der Welten","Terry Pratchett -  The Light Fantastic","Philip K. Dick -  Blade Runner","Erin Hunter -  Broken Pride","James Dashner -  Maze Runner 01. Die Auserwählten - Im Labyrinth","Loewe Verlag -  Mandala-Licherzauber Fabelwesen","R. E. Close -  White Witch","SCHLEICH® Horse Club - Eine gelungene Überraschung","Esphyr Slobodkina -  Circus Caps for Sale","Katie O'Neill -  Princess Princess Ever After","Aloysius Bertrand -  Gaspard de la Nuit","Margaret Atwood -  The Testaments","Fiona Watt -  Mein Stickerbuch: Bei den alten Griechen","Penelope Dyan -  Bubble Trouble---For Boys Only (R)","Morgan Michelle -  Toby Turtle and the Underwater Crew","Anna Dewdney -  Llama Llama y su Pijama Roja = Llama Llama and the Lucky Pajamas"
"2021/04/29 5:45:57 PM OEZ","George R.R. Martin -  Das Lied von Eis und Feuer 05. Sturm der Schwerter","Alex Spohr -  Rüstkammer des Dornenreiches","J. R. R. Tolkien -  Der Herr der Ringe","Jean-Jacques Sempe, Rene Goscinny -  Les vacances du petit Nicolas","H. G. Wells -  Krieg der Welten","Terry Pratchett -  The Light Fantastic","Philip K. Dick -  Blade Runner","Erin Hunter -  Broken Pride","J. S. Morin -  Extinction Reversed","Loewe Verlag -  Mandala-Licherzauber Fabelwesen","R. E. Close -  ACHIRD","SCHLEICH® Horse Club - Eine gelungene Überraschung","Esphyr Slobodkina -  Circus Caps for Sale","Gustav Schwab -  Griechische Sagen","Lutz van Dijk -  Verdammt starke Liebe","Brandon Sanderson -  Rhythm of War - The Stormlight Archive 04","Fiona Watt -  Mein Stickerbuch: Bei den alten Griechen","Penelope Dyan -  Bubble Trouble---For Boys Only (R)","Morgan Michelle -  Toby Turtle and the Underwater Crew","Anna Dewdney -  Llama Llama y su Pijama Roja = Llama Llama and the Lucky Pajamas"
"2021/04/29 5:52:23 PM OEZ","George R.R. Martin -  Das Lied von Eis und Feuer 05. Sturm der Schwerter","Alex Spohr -  Rüstkammer des Dornenreiches","J. R. R. Tolkien -  Der Herr der Ringe","Jean-Jacques Sempe, Rene Goscinny -  Les vacances du petit Nicolas","H. G. Wells -  Krieg der Welten","Terry Pratchett -  Kleine freie Männer","Philip K. Dick -  Blade Runner","Erin Hunter -  Broken Pride","JK Franks -  Kingdoms of Sorrow","Loewe Verlag -  Mandala-Licherzauber Fabelwesen","R. E. Close -  ACHIRD","SCHLEICH® Horse Club - Eine gelungene Überraschung","Esphyr Slobodkina -  Circus Caps for Sale","Tad Williams -  Brothers of the Wind","Lutz van Dijk -  Verdammt starke Liebe","Jay Asher -  13 Reasons Why","Sven Nordqvist -  Das große Bastelbuch für kreative Entdecker","Penelope Dyan -  Bubble Trouble---For Boys Only (R)","Morgan Michelle -  Toby Turtle and the Underwater Crew","Anna Dewdney -  Llama Llama y su Pijama Roja = Llama Llama and the Lucky Pajamas"
"2021/04/29 6:18:30 PM OEZ","George R.R. Martin -  Das Lied von Eis und Feuer 05. Sturm der Schwerter","Alex Spohr -  Rüstkammer des Dornenreiches","Terry Pratchett -  Pyramids","Jean-Jacques Sempe, Rene Goscinny -  Les vacances du petit Nicolas","H. G. Wells -  Krieg der Welten","Terry Pratchett -  Kleine freie Männer","Philip K. Dick -  Blade Runner","Erin Hunter -  Broken Pride","JK Franks -  Kingdoms of Sorrow","Loewe Verlag -  Mandala-Licherzauber Fabelwesen","R. E. Close -  White Witch","SCHLEICH® Horse Club - Von Punkt zu Punkt","Esphyr Slobodkina -  Circus Caps for Sale","Tad Williams -  Brothers of the Wind","Lutz van Dijk -  Verdammt starke Liebe","Margaret Atwood -  The Testaments","Fiona Watt -  Mein Stickerbuch: Bei den alten Griechen","Penelope Dyan -  Bubble Trouble---For Boys Only (R)","Morgan Michelle -  Toby Turtle and the Underwater Crew","Anna Dewdney -  Llama Llama y su Pijama Roja = Llama Llama and the Lucky Pajamas"
"2021/04/29 7:27:01 PM OEZ","George R.R. Martin -  Das Lied von Eis und Feuer 05. Sturm der Schwerter","Alex Spohr -  Rüstkammer des Dornenreiches","J. R. R. Tolkien -  Der Herr der Ringe","Christine Nöslinger -  Der Zwerg im Kopf","H. G. Wells -  Krieg der Welten","Terry Pratchett -  The Light Fantastic","Philip K. Dick -  Blade Runner","Erin Hunter -  Broken Pride","James Dashner -  Maze Runner 01. Die Auserwählten - Im Labyrinth","Loewe Verlag -  Mandala-Licherzauber Fabelwesen","R. E. Close -  ACHIRD","SCHLEICH® Horse Club - Von Punkt zu Punkt","Esphyr Slobodkina -  Circus Caps for Sale","Tad Williams -  Brothers of the Wind","Lutz van Dijk -  Verdammt starke Liebe","Jay Asher -  13 Reasons Why","Sven Nordqvist -  Das große Bastelbuch für kreative Entdecker","Penelope Dyan -  Bubble Trouble---For Boys Only (R)","Morgan Michelle -  Toby Turtle and the Underwater Crew","Anna Dewdney -  Llama Llama y su Pijama Roja = Llama Llama and the Lucky Pajamas"
"2021/04/30 8:21:50 AM OEZ","George R.R. Martin -  Das Lied von Eis und Feuer 05. Sturm der Schwerter","Alex Spohr -  Rüstkammer des Dornenreiches","Terry Pratchett -  Pyramids","Jeff Kinney -  Diary of a Wimpy Kid 14. Wrecking Ball","H. G. Wells -  Krieg der Welten","Terry Pratchett -  Kleine freie Männer","Philip K. Dick -  Blade Runner","Erin Hunter -  Broken Pride","JK Franks -  Kingdoms of Sorrow","Loewe Verlag -  Mandala-Licherzauber Fabelwesen","R. E. Close -  ACHIRD","SCHLEICH® Horse Club - Eine gelungene Überraschung","Esphyr Slobodkina -  Circus Caps for Sale","Gustav Schwab -  Griechische Sagen","Lutz van Dijk -  Verdammt starke Liebe","Jay Asher -  13 Reasons Why","Sven Nordqvist -  Das große Bastelbuch für kreative Entdecker","Penelope Dyan -  Bubble Trouble---For Boys Only (R)","Morgan Michelle -  Toby Turtle and the Underwater Crew","Margaret Salter -  'por Qué No Puedo Dormir?"
"2021/04/30 8:29:34 AM OEZ","George R.R. Martin -  Das Lied von Eis und Feuer 05. Sturm der Schwerter","Wolfgang Hohlbein -  Die Töchter des Drachen/Der Thron der Libelle","J. R. R. Tolkien -  Der Herr der Ringe","Christine Nöslinger -  Der Zwerg im Kopf","H. G. Wells -  Krieg der Welten","Terry Pratchett -  Kleine freie Männer","Philip K. Dick -  Blade Runner","Erin Hunter -  Broken Pride","J. S. Morin -  Extinction Reversed","Loewe Verlag -  Mandala-Licherzauber Fabelwesen","Michael Weisser -  OFFSHORE","SCHLEICH® Horse Club - Eine gelungene Überraschung","Esphyr Slobodkina -  Circus Caps for Sale","Tad Williams -  Brothers of the Wind","Lutz van Dijk -  Verdammt starke Liebe","Margaret Atwood -  The Testaments","Sven Nordqvist -  Das große Bastelbuch für kreative Entdecker","Alvin Schwartz -  There Is a Carrot in My Ear and Other Noodle Tales","Morgan Michelle -  Toby Turtle and the Underwater Crew","Margaret Salter -  'por Qué No Puedo Dormir?"
"2021/04/30 8:35:59 AM OEZ","George R.R. Martin -  Das Lied von Eis und Feuer 05. Sturm der Schwerter","Alex Spohr -  Rüstkammer des Dornenreiches","J. R. R. Tolkien -  Der Herr der Ringe","Jean-Jacques Sempe, Rene Goscinny -  Les vacances du petit Nicolas","H. G. Wells -  Krieg der Welten","Terry Pratchett -  The Light Fantastic","","Erin Hunter -  Broken Pride","JK Franks -  Kingdoms of Sorrow","Loewe Verlag -  Mandala-Licherzauber Fabelwesen","R. E. Close -  White Witch","SCHLEICH® Horse Club - Von Punkt zu Punkt","Esphyr Slobodkina -  Circus Caps for Sale","Gustav Schwab -  Griechische Sagen","Aloysius Bertrand -  Gaspard de la Nuit","Jay Asher -  13 Reasons Why","Fiona Watt -  Mein Stickerbuch: Bei den alten Griechen","Penelope Dyan -  Bubble Trouble---For Boys Only (R)","Morgan Michelle -  Toby Turtle and the Underwater Crew","Anna Dewdney -  Llama Llama y su Pijama Roja = Llama Llama and the Lucky Pajamas"
"2021/04/30 9:04:54 AM OEZ","George R.R. Martin -  Das Lied von Eis und Feuer 06. Die Königin der Drachen","Alex Spohr -  Rüstkammer des Dornenreiches","J. R. R. Tolkien -  Der Herr der Ringe","Christine Nöslinger -  Der Zwerg im Kopf","Conan Doyle -  Die verlorene Welt","Terry Pratchett -  The Light Fantastic","Philip K. Dick -  Blade Runner","Erin Hunter -  Broken Pride","James Dashner -  Maze Runner 01. Die Auserwählten - Im Labyrinth","Loewe Verlag -  Mandala-Licherzauber Fabelwesen","R. E. Close -  White Witch","SCHLEICH® Horse Club - Eine gelungene Überraschung","Esphyr Slobodkina -  Circus Caps for Sale","Tad Williams -  Brothers of the Wind","Lutz van Dijk -  Verdammt starke Liebe","Jay Asher -  13 Reasons Why","Sven Nordqvist -  Das große Bastelbuch für kreative Entdecker","Jakob M. Leonhardt -  Knapp vorbei ist auch daneben","Andrea Küssner-Neubert -  Das Ausschneide-Bastelbuch - Kleine Unterwasserwelt","Anna Dewdney -  Llama Llama y su Pijama Roja = Llama Llama and the Lucky Pajamas"
"2021/04/30 9:19:45 AM OEZ","George R.R. Martin -  Das Lied von Eis und Feuer 03. Der Thron der Sieben Königreiche","","Terry Pratchett -  Pyramids","Jeff Kinney -  Diary of a Wimpy Kid 14. Wrecking Ball","Heinz Körner -  Engelsfeuer","Tamara Glück -  Goldmond","Stanislaw Lem -  Provokationen","Robert Muchamore -  The General","JK Franks -  Kingdoms of Sorrow","Erik Ronholt -  Papierflieger","Michael Weisser -  OFFSHORE","Ralf Butschkow -  Ich hab einen Freund, der ist Astronaut","Frank Cottrell Boyce -  Desirable","Katie O'Neill -  Princess Princess Ever After","Wendy Froud, Brian Froud -  Brian Froud's Faeries' Tales","Margaret Atwood -  The Testaments","Fiona Watt -  Mein Anziehpuppen-Stickerbuch: Meerjungfrauen","Jakob M. Leonhardt -  Knapp vorbei ist auch daneben","Stella Tack -  Kiss Me Twice - Kiss the Bodyguard 2","E. L. Konigsburg -  Dos Ninos y Un Angel En Nueva York"
"2021/04/30 2:05:59 PM OEZ","George R.R. Martin -  Das Lied von Eis und Feuer 05. Sturm der Schwerter","Alex Spohr -  Rüstkammer des Dornenreiches","J. R. R. Tolkien -  Der Herr der Ringe","Jean-Jacques Sempe, Rene Goscinny -  Les vacances du petit Nicolas","H. G. Wells -  Krieg der Welten","Terry Pratchett -  Kleine freie Männer","Philip K. Dick -  Blade Runner","Erin Hunter -  Broken Pride","J. S. Morin -  Extinction Reversed","Loewe Verlag -  Mandala-Licherzauber Fabelwesen","R. E. Close -  White Witch","SCHLEICH® Horse Club - Eine gelungene Überraschung","Esphyr Slobodkina -  Circus Caps for Sale","Gustav Schwab -  Griechische Sagen","Lutz van Dijk -  Verdammt starke Liebe","Jay Asher -  13 Reasons Why","Fiona Watt -  Mein Stickerbuch: Bei den alten Griechen","Penelope Dyan -  Bubble Trouble---For Boys Only (R)","Morgan Michelle -  Toby Turtle and the Underwater Crew","Anna Dewdney -  Llama Llama y su Pijama Roja = Llama Llama and the Lucky Pajamas"
"2021/04/30 10:45:00 PM OEZ","George R.R. Martin -  Das Lied von Eis und Feuer 05. Sturm der Schwerter","Alex Spohr -  Rüstkammer des Dornenreiches","Noel Green -  Advanced Potion Making","Jean-Jacques Sempe, Rene Goscinny -  Les vacances du petit Nicolas","H. G. Wells -  Krieg der Welten","Terry Pratchett -  Kleine freie Männer","Philip K. Dick -  Blade Runner","Erin Hunter -  Broken Pride","J. S. Morin -  Extinction Reversed","Loewe Verlag -  Mandala-Licherzauber Fabelwesen","R. E. Close -  ACHIRD","SCHLEICH® Horse Club - Von Punkt zu Punkt","Esphyr Slobodkina -  Circus Caps for Sale","Katie O'Neill -  Princess Princess Ever After","Lutz van Dijk -  Verdammt starke Liebe","Jay Asher -  13 Reasons Why","Fiona Watt -  Mein Stickerbuch: Bei den alten Griechen","Penelope Dyan -  Bubble Trouble---For Boys Only (R)","Morgan Michelle -  Toby Turtle and the Underwater Crew","Anna Dewdney -  Llama Llama y su Pijama Roja = Llama Llama and the Lucky Pajamas"
"2021/05/01 12:11:06 PM OEZ","George R.R. Martin -  Das Lied von Eis und Feuer 05. Sturm der Schwerter","Wolfgang Hohlbein -  Die Töchter des Drachen/Der Thron der Libelle","J. R. R. Tolkien -  Der Herr der Ringe","Jeff Kinney -  Diary of a Wimpy Kid 14. Wrecking Ball","H. G. Wells -  Krieg der Welten","Terry Pratchett -  The Light Fantastic","Philip K. Dick -  Blade Runner","Erin Hunter -  Broken Pride","J. S. Morin -  Extinction Reversed","Loewe Verlag -  Mandala-Licherzauber Fabelwesen","R. E. Close -  White Witch","SCHLEICH® Horse Club - Eine gelungene Überraschung","Esphyr Slobodkina -  Circus Caps for Sale","Katie O'Neill -  Princess Princess Ever After","Wendy Froud, Brian Froud -  Brian Froud's Faeries' Tales","Jay Asher -  13 Reasons Why","Fiona Watt -  Mein Stickerbuch: Bei den alten Griechen","Penelope Dyan -  Bubble Trouble---For Boys Only (R)","Stella Tack -  Kiss Me Twice - Kiss the Bodyguard 2","E. L. Konigsburg -  Dos Ninos y Un Angel En Nueva York"
"2021/05/01 2:21:32 PM OEZ","George R.R. Martin -  Das Lied von Eis und Feuer 03. Der Thron der Sieben Königreiche","Wolfgang Hohlbein -  Die Töchter des Drachen/Der Thron der Libelle","J. R. R. Tolkien -  Der Herr der Ringe","Christine Nöslinger -  Der Zwerg im Kopf","","Terry Pratchett -  Kleine freie Männer","Jean-Francois Marival -  La Mémoire interdite","Robert Muchamore -  The General","JK Franks -  Kingdoms of Sorrow","Henry Carroll -  So machst du richtig coole Kunst","R. E. Close -  ACHIRD","SCHLEICH® Horse Club - Von Punkt zu Punkt","Esphyr Slobodkina -  Circus Caps for Sale","Gustav Schwab -  Griechische Sagen","Wendy Froud, Brian Froud -  Brian Froud's Faeries' Tales","Margaret Atwood -  The Testaments","Fiona Watt -  Mein Anziehpuppen-Stickerbuch: Meerjungfrauen","Penelope Dyan -  Bubble Trouble---For Boys Only (R)","Morgan Michelle -  Toby Turtle and the Underwater Crew","Anna Dewdney -  Llama Llama y su Pijama Roja = Llama Llama and the Lucky Pajamas"
"2021/05/01 2:29:17 PM OEZ","George R.R. Martin -  Das Lied von Eis und Feuer 05. Sturm der Schwerter","Alex Spohr -  Rüstkammer des Dornenreiches","J. R. R. Tolkien -  Der Herr der Ringe","Christine Nöslinger -  Der Zwerg im Kopf","Conan Doyle -  Die verlorene Welt","Terry Pratchett -  The Light Fantastic","Jean-Francois Marival -  La Mémoire interdite","Meagan Spooner -  Hunted","James Dashner -  Maze Runner 01. Die Auserwählten - Im Labyrinth","Erik Ronholt -  Papierflieger","R. E. Close -  ACHIRD","SCHLEICH® Horse Club - Von Punkt zu Punkt","Esphyr Slobodkina -  Circus Caps for Sale","Katie O'Neill -  Princess Princess Ever After","Lutz van Dijk -  Verdammt starke Liebe","Jay Asher -  13 Reasons Why","Sven Nordqvist -  Das große Bastelbuch für kreative Entdecker","Penelope Dyan -  Bubble Trouble---For Boys Only (R)","Morgan Michelle -  Toby Turtle and the Underwater Crew","E. L. Konigsburg -  Dos Ninos y Un Angel En Nueva York"
"2021/05/01 2:29:40 PM OEZ","George R.R. Martin -  Das Lied von Eis und Feuer 05. Sturm der Schwerter","Alex Spohr -  Rüstkammer des Dornenreiches","J. R. R. Tolkien -  Der Herr der Ringe","Jean-Jacques Sempe, Rene Goscinny -  Les vacances du petit Nicolas","H. G. Wells -  Krieg der Welten","Terry Pratchett -  Kleine freie Männer","Philip K. Dick -  Blade Runner","Erin Hunter -  Broken Pride","JK Franks -  Kingdoms of Sorrow","Erik Ronholt -  Papierflieger","R. E. Close -  ACHIRD","SCHLEICH® Horse Club - Von Punkt zu Punkt","Esphyr Slobodkina -  Circus Caps for Sale","Gustav Schwab -  Griechische Sagen","Lutz van Dijk -  Verdammt starke Liebe","Margaret Atwood -  The Testaments","Sven Nordqvist -  Das große Bastelbuch für kreative Entdecker","Alvin Schwartz -  There Is a Carrot in My Ear and Other Noodle Tales","Morgan Michelle -  Toby Turtle and the Underwater Crew","Anna Dewdney -  Llama Llama y su Pijama Roja = Llama Llama and the Lucky Pajamas"
"2021/05/01 2:36:52 PM OEZ","George R.R. Martin -  Das Lied von Eis und Feuer 05. Sturm der Schwerter","Alex Spohr -  Rüstkammer des Dornenreiches","J. R. R. Tolkien -  Der Herr der Ringe","Jean-Jacques Sempe, Rene Goscinny -  Les vacances du petit Nicolas","H. G. Wells -  Krieg der Welten","Terry Pratchett -  Kleine freie Männer","Philip K. Dick -  Blade Runner","Erin Hunter -  Broken Pride","JK Franks -  Kingdoms of Sorrow","Erik Ronholt -  Papierflieger","R. E. Close -  White Witch","SCHLEICH® Horse Club - Von Punkt zu Punkt","Esphyr Slobodkina -  Circus Caps for Sale","Gustav Schwab -  Griechische Sagen","Lutz van Dijk -  Verdammt starke Liebe","Jay Asher -  13 Reasons Why","Fiona Watt -  Mein Stickerbuch: Bei den alten Griechen","Penelope Dyan -  Bubble Trouble---For Boys Only (R)","Morgan Michelle -  Toby Turtle and the Underwater Crew","Anna Dewdney -  Llama Llama y su Pijama Roja = Llama Llama and the Lucky Pajamas"
"2021/05/01 2:49:00 PM OEZ","George R.R. Martin -  Das Lied von Eis und Feuer 05. Sturm der Schwerter","Alex Spohr -  Rüstkammer des Dornenreiches","J. R. R. Tolkien -  Der Herr der Ringe","Christine Nöslinger -  Der Zwerg im Kopf","H. G. Wells -  Krieg der Welten","Terry Pratchett -  The Light Fantastic","Philip K. Dick -  Blade Runner","Erin Hunter -  Broken Pride","J. S. Morin -  Extinction Reversed","Loewe Verlag -  Mandala-Licherzauber Fabelwesen","R. E. Close -  White Witch","SCHLEICH® Horse Club - Von Punkt zu Punkt","Esphyr Slobodkina -  Circus Caps for Sale","Tad Williams -  Brothers of the Wind","Lutz van Dijk -  Verdammt starke Liebe","Margaret Atwood -  The Testaments","Sven Nordqvist -  Das große Bastelbuch für kreative Entdecker","Jakob M. Leonhardt -  Knapp vorbei ist auch daneben","Morgan Michelle -  Toby Turtle and the Underwater Crew","Anna Dewdney -  Llama Llama y su Pijama Roja = Llama Llama and the Lucky Pajamas"
"2021/05/01 3:23:10 PM OEZ","George R.R. Martin -  Das Lied von Eis und Feuer 03. Der Thron der Sieben Königreiche","Alex Spohr -  Rüstkammer des Dornenreiches","J. R. R. Tolkien -  Der Herr der Ringe","Jeff Kinney -  Diary of a Wimpy Kid 14. Wrecking Ball","H. G. Wells -  Krieg der Welten","Terry Pratchett -  The Light Fantastic","Philip K. Dick -  Blade Runner","Erin Hunter -  Broken Pride","J. S. Morin -  Extinction Reversed","Loewe Verlag -  Mandala-Licherzauber Fabelwesen","R. E. Close -  White Witch","SCHLEICH® Horse Club - Von Punkt zu Punkt","Esphyr Slobodkina -  Circus Caps for Sale","Gustav Schwab -  Griechische Sagen","Aloysius Bertrand -  Gaspard de la Nuit","Jay Asher -  13 Reasons Why","Fiona Watt -  Mein Stickerbuch: Bei den alten Griechen","Jakob M. Leonhardt -  Knapp vorbei ist auch daneben","Morgan Michelle -  Toby Turtle and the Underwater Crew","Anna Dewdney -  Llama Llama y su Pijama Roja = Llama Llama and the Lucky Pajamas"
"2021/05/01 3:36:34 PM OEZ","George R.R. Martin -  Das Lied von Eis und Feuer 05. Sturm der Schwerter","Alex Spohr -  Rüstkammer des Dornenreiches","Terry Pratchett -  Pyramids","Jean-Jacques Sempe, Rene Goscinny -  Les vacances du petit Nicolas","Conan Doyle -  Die verlorene Welt","Terry Pratchett -  Kleine freie Männer","Philip K. Dick -  Blade Runner","Erin Hunter -  Broken Pride","JK Franks -  Kingdoms of Sorrow","Loewe Verlag -  Mandala-Licherzauber Fabelwesen","R. E. Close -  White Witch","SCHLEICH® Horse Club - Von Punkt zu Punkt","Esphyr Slobodkina -  Circus Caps for Sale","Gustav Schwab -  Griechische Sagen","Lutz van Dijk -  Verdammt starke Liebe","Jay Asher -  13 Reasons Why","Fiona Watt -  Mein Stickerbuch: Bei den alten Griechen","Penelope Dyan -  Bubble Trouble---For Boys Only (R)","Morgan Michelle -  Toby Turtle and the Underwater Crew","Anna Dewdney -  Llama Llama y su Pijama Roja = Llama Llama and the Lucky Pajamas"
"2021/05/01 3:58:15 PM OEZ","George R.R. Martin -  Das Lied von Eis und Feuer 06. Die Königin der Drachen","Alex Spohr -  Rüstkammer des Dornenreiches","J. R. R. Tolkien -  Der Herr der Ringe","Jean-Jacques Sempe, Rene Goscinny -  Les vacances du petit Nicolas","H. G. Wells -  Krieg der Welten","Terry Pratchett -  Kleine freie Männer","Stanislaw Lem -  Provokationen","Meagan Spooner -  Hunted","James Dashner -  Maze Runner 01. Die Auserwählten - Im Labyrinth","Loewe Verlag -  Mandala-Licherzauber Fabelwesen","R. E. Close -  White Witch","SCHLEICH® Horse Club - Eine gelungene Überraschung","Esphyr Slobodkina -  Circus Caps for Sale","Gustav Schwab -  Griechische Sagen","Lutz van Dijk -  Verdammt starke Liebe","Margaret Atwood -  The Testaments","Sven Nordqvist -  Das große Bastelbuch für kreative Entdecker","Alvin Schwartz -  There Is a Carrot in My Ear and Other Noodle Tales","Andrea Küssner-Neubert -  Das Ausschneide-Bastelbuch - Kleine Unterwasserwelt","Anna Dewdney -  Llama Llama y su Pijama Roja = Llama Llama and the Lucky Pajamas"
"2021/05/01 4:08:34 PM OEZ","George R.R. Martin -  Das Lied von Eis und Feuer 05. Sturm der Schwerter","Alex Spohr -  Rüstkammer des Dornenreiches","Terry Pratchett -  Pyramids","Jean-Jacques Sempe, Rene Goscinny -  Les vacances du petit Nicolas","H. G. Wells -  Krieg der Welten","Terry Pratchett -  Kleine freie Männer","Stanislaw Lem -  Provokationen","Erin Hunter -  Broken Pride","James Dashner -  Maze Runner 01. Die Auserwählten - Im Labyrinth","Loewe Verlag -  Mandala-Licherzauber Fabelwesen","R. E. Close -  White Witch","SCHLEICH® Horse Club - Eine gelungene Überraschung","Esphyr Slobodkina -  Circus Caps for Sale","Gustav Schwab -  Griechische Sagen","Lutz van Dijk -  Verdammt starke Liebe","Margaret Atwood -  The Testaments","Sven Nordqvist -  Das große Bastelbuch für kreative Entdecker","Alvin Schwartz -  There Is a Carrot in My Ear and Other Noodle Tales","Morgan Michelle -  Toby Turtle and the Underwater Crew","Margaret Salter -  'por Qué No Puedo Dormir?"
"2021/05/01 4:25:18 PM OEZ","George R.R. Martin -  Das Lied von Eis und Feuer 05. Sturm der Schwerter","Alex Spohr -  Rüstkammer des Dornenreiches","J. R. R. Tolkien -  Der Herr der Ringe","Jean-Jacques Sempe, Rene Goscinny -  Les vacances du petit Nicolas","H. G. Wells -  Krieg der Welten","Terry Pratchett -  Kleine freie Männer","Philip K. Dick -  Blade Runner","Erin Hunter -  Broken Pride","JK Franks -  Kingdoms of Sorrow","Loewe Verlag -  Mandala-Licherzauber Fabelwesen","R. E. Close -  ACHIRD","SCHLEICH® Horse Club - Eine gelungene Überraschung","Esphyr Slobodkina -  Circus Caps for Sale","Tad Williams -  Brothers of the Wind","Lutz van Dijk -  Verdammt starke Liebe","Jay Asher -  13 Reasons Why","Sven Nordqvist -  Das große Bastelbuch für kreative Entdecker","Alvin Schwartz -  There Is a Carrot in My Ear and Other Noodle Tales","Morgan Michelle -  Toby Turtle and the Underwater Crew","Anna Dewdney -  Llama Llama y su Pijama Roja = Llama Llama and the Lucky Pajamas"
"2021/05/01 4:52:39 PM OEZ","George R.R. Martin -  Das Lied von Eis und Feuer 05. Sturm der Schwerter","Alex Spohr -  Rüstkammer des Dornenreiches","J. R. R. Tolkien -  Der Herr der Ringe","Jean-Jacques Sempe, Rene Goscinny -  Les vacances du petit Nicolas","Conan Doyle -  Die verlorene Welt","Terry Pratchett -  Kleine freie Männer","Philip K. Dick -  Blade Runner","Erin Hunter -  Broken Pride","JK Franks -  Kingdoms of Sorrow","Loewe Verlag -  Mandala-Licherzauber Fabelwesen","R. E. Close -  ACHIRD","SCHLEICH® Horse Club - Von Punkt zu Punkt","Esphyr Slobodkina -  Circus Caps for Sale","Tad Williams -  Brothers of the Wind","Lutz van Dijk -  Verdammt starke Liebe","Brandon Sanderson -  Rhythm of War - The Stormlight Archive 04","Fiona Watt -  Mein Stickerbuch: Bei den alten Griechen","Alvin Schwartz -  There Is a Carrot in My Ear and Other Noodle Tales","Morgan Michelle -  Toby Turtle and the Underwater Crew","Anna Dewdney -  Llama Llama y su Pijama Roja = Llama Llama and the Lucky Pajamas"
"2021/05/01 6:54:29 PM OEZ","George R.R. Martin -  Das Lied von Eis und Feuer 05. Sturm der Schwerter","Alex Spohr -  Rüstkammer des Dornenreiches","J. R. R. Tolkien -  Der Herr der Ringe","Jean-Jacques Sempe, Rene Goscinny -  Les vacances du petit Nicolas","H. G. Wells -  Krieg der Welten","Terry Pratchett -  Kleine freie Männer","Philip K. Dick -  Blade Runner","Erin Hunter -  Broken Pride","J. S. Morin -  Extinction Reversed","Loewe Verlag -  Mandala-Licherzauber Fabelwesen","R. E. Close -  White Witch","SCHLEICH® Horse Club - Von Punkt zu Punkt","Esphyr Slobodkina -  Circus Caps for Sale","Katie O'Neill -  Princess Princess Ever After","Lutz van Dijk -  Verdammt starke Liebe","Margaret Atwood -  The Testaments","Sven Nordqvist -  Das große Bastelbuch für kreative Entdecker","Penelope Dyan -  Bubble Trouble---For Boys Only (R)","Morgan Michelle -  Toby Turtle and the Underwater Crew","Anna Dewdney -  Llama Llama y su Pijama Roja = Llama Llama and the Lucky Pajamas"
"2021/05/01 6:56:21 PM OEZ","George R.R. Martin -  Das Lied von Eis und Feuer 05. Sturm der Schwerter","Alex Spohr -  Rüstkammer des Dornenreiches","J. R. R. Tolkien -  Der Herr der Ringe","Christine Nöslinger -  Der Zwerg im Kopf","H. G. Wells -  Krieg der Welten","Terry Pratchett -  The Light Fantastic","Philip K. Dick -  Blade Runner","Erin Hunter -  Broken Pride","James Dashner -  Maze Runner 01. Die Auserwählten - Im Labyrinth","Henry Carroll -  So machst du richtig coole Kunst","R. E. Close -  ACHIRD","SCHLEICH® Horse Club - Von Punkt zu Punkt","Esphyr Slobodkina -  Circus Caps for Sale","Gustav Schwab -  Griechische Sagen","Lutz van Dijk -  Verdammt starke Liebe","Margaret Atwood -  The Testaments","Fiona Watt -  Mein Stickerbuch: Bei den alten Griechen","Penelope Dyan -  Bubble Trouble---For Boys Only (R)","Morgan Michelle -  Toby Turtle and the Underwater Crew","Anna Dewdney -  Llama Llama y su Pijama Roja = Llama Llama and the Lucky Pajamas"
"2021/05/01 6:59:29 PM OEZ","George R.R. Martin -  Das Lied von Eis und Feuer 03. Der Thron der Sieben Königreiche","Wolfgang Hohlbein -  Die Töchter des Drachen/Der Thron der Libelle","J. R. R. Tolkien -  Der Herr der Ringe","Jean-Jacques Sempe, Rene Goscinny -  Les vacances du petit Nicolas","H. G. Wells -  Krieg der Welten","Terry Pratchett -  Kleine freie Männer","Philip K. Dick -  Blade Runner","Erin Hunter -  Broken Pride","J. S. Morin -  Extinction Reversed","Loewe Verlag -  Mandala-Licherzauber Fabelwesen","R. E. Close -  White Witch","Ralf Butschkow -  Ich hab einen Freund, der ist Astronaut","Esphyr Slobodkina -  Circus Caps for Sale","Gustav Schwab -  Griechische Sagen","Aloysius Bertrand -  Gaspard de la Nuit","Jay Asher -  13 Reasons Why","Fiona Watt -  Mein Stickerbuch: Bei den alten Griechen","Penelope Dyan -  Bubble Trouble---For Boys Only (R)","Morgan Michelle -  Toby Turtle and the Underwater Crew","Anna Dewdney -  Llama Llama y su Pijama Roja = Llama Llama and the Lucky Pajamas"
"2021/05/01 6:59:55 PM OEZ","George R.R. Martin -  Das Lied von Eis und Feuer 05. Sturm der Schwerter","Wolfgang Hohlbein -  Die Töchter des Drachen/Der Thron der Libelle","J. R. R. Tolkien -  Der Herr der Ringe","Jean-Jacques Sempe, Rene Goscinny -  Les vacances du petit Nicolas","H. G. Wells -  Krieg der Welten","Terry Pratchett -  The Light Fantastic","Philip K. Dick -  Blade Runner","Erin Hunter -  Broken Pride","JK Franks -  Kingdoms of Sorrow","Loewe Verlag -  Mandala-Licherzauber Fabelwesen","R. E. Close -  ACHIRD","SCHLEICH® Horse Club - Eine gelungene Überraschung","Esphyr Slobodkina -  Circus Caps for Sale","Gustav Schwab -  Griechische Sagen","Lutz van Dijk -  Verdammt starke Liebe","Brandon Sanderson -  Rhythm of War - The Stormlight Archive 04","Sven Nordqvist -  Das große Bastelbuch für kreative Entdecker","Penelope Dyan -  Bubble Trouble---For Boys Only (R)","Morgan Michelle -  Toby Turtle and the Underwater Crew","Anna Dewdney -  Llama Llama y su Pijama Roja = Llama Llama and the Lucky Pajamas"
"2021/05/01 7:02:50 PM OEZ","George R.R. Martin -  Das Lied von Eis und Feuer 05. Sturm der Schwerter","Wolfgang Hohlbein -  Die Töchter des Drachen/Der Thron der Libelle","J. R. R. Tolkien -  Der Herr der Ringe","Jean-Jacques Sempe, Rene Goscinny -  Les vacances du petit Nicolas","H. G. Wells -  Krieg der Welten","Terry Pratchett -  The Light Fantastic","Philip K. Dick -  Blade Runner","Erin Hunter -  Broken Pride","J. S. Morin -  Extinction Reversed","Loewe Verlag -  Mandala-Licherzauber Fabelwesen","R. E. Close -  White Witch","SCHLEICH® Horse Club - Eine gelungene Überraschung","Esphyr Slobodkina -  Circus Caps for Sale","Gustav Schwab -  Griechische Sagen","Lutz van Dijk -  Verdammt starke Liebe","Brandon Sanderson -  Rhythm of War - The Stormlight Archive 04","Fiona Watt -  Mein Stickerbuch: Bei den alten Griechen","Penelope Dyan -  Bubble Trouble---For Boys Only (R)","Morgan Michelle -  Toby Turtle and the Underwater Crew","Anna Dewdney -  Llama Llama y su Pijama Roja = Llama Llama and the Lucky Pajamas"
"2021/05/01 7:19:02 PM OEZ","George R.R. Martin -  Das Lied von Eis und Feuer 05. Sturm der Schwerter","J. R. Ward -  Ewig geliebt","J. R. R. Tolkien -  Der Herr der Ringe","Jean-Jacques Sempe, Rene Goscinny -  Les vacances du petit Nicolas","Conan Doyle -  Die verlorene Welt","Terry Pratchett -  Kleine freie Männer","Philip K. Dick -  Blade Runner","Erin Hunter -  Broken Pride","JK Franks -  Kingdoms of Sorrow","Loewe Verlag -  Mandala-Licherzauber Fabelwesen","R. E. Close -  White Witch","SCHLEICH® Horse Club - Eine gelungene Überraschung","Esphyr Slobodkina -  Circus Caps for Sale","Katie O'Neill -  Princess Princess Ever After","Lutz van Dijk -  Verdammt starke Liebe","Margaret Atwood -  The Testaments","Fiona Watt -  Mein Stickerbuch: Bei den alten Griechen","Penelope Dyan -  Bubble Trouble---For Boys Only (R)","Morgan Michelle -  Toby Turtle and the Underwater Crew","Anna Dewdney -  Llama Llama y su Pijama Roja = Llama Llama and the Lucky Pajamas"
"2021/05/01 7:50:04 PM OEZ","George R.R. Martin -  Das Lied von Eis und Feuer 05. Sturm der Schwerter","Alex Spohr -  Rüstkammer des Dornenreiches","Terry Pratchett -  Pyramids","Jean-Jacques Sempe, Rene Goscinny -  Les vacances du petit Nicolas","H. G. Wells -  Krieg der Welten","Terry Pratchett -  The Light Fantastic","Philip K. Dick -  Blade Runner","Erin Hunter -  Broken Pride","J. S. Morin -  Extinction Reversed","Loewe Verlag -  Mandala-Licherzauber Fabelwesen","R. E. Close -  ACHIRD","SCHLEICH® Horse Club - Eine gelungene Überraschung","Esphyr Slobodkina -  Circus Caps for Sale","Gustav Schwab -  Griechische Sagen","Lutz van Dijk -  Verdammt starke Liebe","Jay Asher -  13 Reasons Why","Sven Nordqvist -  Das große Bastelbuch für kreative Entdecker","Jakob M. Leonhardt -  Knapp vorbei ist auch daneben","Andrea Küssner-Neubert -  Das Ausschneide-Bastelbuch - Kleine Unterwasserwelt",""
"2021/05/01 8:23:02 PM OEZ","George R.R. Martin -  Das Lied von Eis und Feuer 06. Die Königin der Drachen","Alex Spohr -  Rüstkammer des Dornenreiches","Noel Green -  Advanced Potion Making","Jean-Jacques Sempe, Rene Goscinny -  Les vacances du petit Nicolas","H. G. Wells -  Krieg der Welten","Terry Pratchett -  The Light Fantastic","Philip K. Dick -  Blade Runner","Meagan Spooner -  Hunted","JK Franks -  Kingdoms of Sorrow","Loewe Verlag -  Mandala-Licherzauber Fabelwesen","R. E. Close -  White Witch","SCHLEICH® Horse Club - Von Punkt zu Punkt","Frank Cottrell Boyce -  Desirable","Gustav Schwab -  Griechische Sagen","Lutz van Dijk -  Verdammt starke Liebe","Jay Asher -  13 Reasons Why","Sven Nordqvist -  Das große Bastelbuch für kreative Entdecker","Penelope Dyan -  Bubble Trouble---For Boys Only (R)","Morgan Michelle -  Toby Turtle and the Underwater Crew","Anna Dewdney -  Llama Llama y su Pijama Roja = Llama Llama and the Lucky Pajamas"
"2021/05/01 8:27:34 PM OEZ","George R.R. Martin -  Das Lied von Eis und Feuer 05. Sturm der Schwerter","Alex Spohr -  Rüstkammer des Dornenreiches","J. R. R. Tolkien -  Der Herr der Ringe","Jean-Jacques Sempe, Rene Goscinny -  Les vacances du petit Nicolas","H. G. Wells -  Krieg der Welten","Terry Pratchett -  The Light Fantastic","Philip K. Dick -  Blade Runner","Erin Hunter -  Broken Pride","James Dashner -  Maze Runner 01. Die Auserwählten - Im Labyrinth","Loewe Verlag -  Mandala-Licherzauber Fabelwesen","R. E. Close -  ACHIRD","SCHLEICH® Horse Club - Von Punkt zu Punkt","Esphyr Slobodkina -  Circus Caps for Sale","Gustav Schwab -  Griechische Sagen","Lutz van Dijk -  Verdammt starke Liebe","Margaret Atwood -  The Testaments","Sven Nordqvist -  Das große Bastelbuch für kreative Entdecker","Alvin Schwartz -  There Is a Carrot in My Ear and Other Noodle Tales","Morgan Michelle -  Toby Turtle and the Underwater Crew","Anna Dewdney -  Llama Llama y su Pijama Roja = Llama Llama and the Lucky Pajamas"
"2021/05/01 8:49:52 PM OEZ","George R.R. Martin -  Das Lied von Eis und Feuer 05. Sturm der Schwerter","Alex Spohr -  Rüstkammer des Dornenreiches","Noel Green -  Advanced Potion Making","Christine Nöslinger -  Der Zwerg im Kopf","Heinz Körner -  Engelsfeuer","Terry Pratchett -  Kleine freie Männer","Philip K. Dick -  Blade Runner","Robert Muchamore -  The General","James Dashner -  Maze Runner 01. Die Auserwählten - Im Labyrinth","Loewe Verlag -  Mandala-Licherzauber Fabelwesen","R. E. Close -  White Witch","SCHLEICH® Horse Club - Eine gelungene Überraschung","Frank Cottrell Boyce -  Desirable","Tad Williams -  Brothers of the Wind","Lutz van Dijk -  Verdammt starke Liebe","Brandon Sanderson -  Rhythm of War - The Stormlight Archive 04","Sven Nordqvist -  Das große Bastelbuch für kreative Entdecker","Alvin Schwartz -  There Is a Carrot in My Ear and Other Noodle Tales","Morgan Michelle -  Toby Turtle and the Underwater Crew","Margaret Salter -  'por Qué No Puedo Dormir?"
"2021/05/01 8:51:29 PM OEZ","George R.R. Martin -  Das Lied von Eis und Feuer 03. Der Thron der Sieben Königreiche","Alex Spohr -  Rüstkammer des Dornenreiches","J. R. R. Tolkien -  Der Herr der Ringe","Christine Nöslinger -  Der Zwerg im Kopf","Conan Doyle -  Die verlorene Welt","Tamara Glück -  Goldmond","Stanislaw Lem -  Provokationen","Erin Hunter -  Broken Pride","J. S. Morin -  Extinction Reversed","Loewe Verlag -  Mandala-Licherzauber Fabelwesen","R. E. Close -  White Witch","SCHLEICH® Horse Club - Von Punkt zu Punkt","Esphyr Slobodkina -  Circus Caps for Sale","Katie O'Neill -  Princess Princess Ever After","Aloysius Bertrand -  Gaspard de la Nuit","Brandon Sanderson -  Rhythm of War - The Stormlight Archive 04","Fiona Watt -  Mein Stickerbuch: Bei den alten Griechen","Alvin Schwartz -  There Is a Carrot in My Ear and Other Noodle Tales","Morgan Michelle -  Toby Turtle and the Underwater Crew","Margaret Salter -  'por Qué No Puedo Dormir?"
"2021/05/01 10:41:25 PM OEZ","George R.R. Martin -  Das Lied von Eis und Feuer 06. Die Königin der Drachen","Alex Spohr -  Rüstkammer des Dornenreiches","J. R. R. Tolkien -  Der Herr der Ringe","Jean-Jacques Sempe, Rene Goscinny -  Les vacances du petit Nicolas","H. G. Wells -  Krieg der Welten","Terry Pratchett -  Kleine freie Männer","Philip K. Dick -  Blade Runner","Erin Hunter -  Broken Pride","J. S. Morin -  Extinction Reversed","Loewe Verlag -  Mandala-Licherzauber Fabelwesen","R. E. Close -  White Witch","SCHLEICH® Horse Club - Von Punkt zu Punkt","Esphyr Slobodkina -  Circus Caps for Sale","Gustav Schwab -  Griechische Sagen","Lutz van Dijk -  Verdammt starke Liebe","Jay Asher -  13 Reasons Why","Sven Nordqvist -  Das große Bastelbuch für kreative Entdecker","Penelope Dyan -  Bubble Trouble---For Boys Only (R)","Morgan Michelle -  Toby Turtle and the Underwater Crew","Anna Dewdney -  Llama Llama y su Pijama Roja = Llama Llama and the Lucky Pajamas"
"2021/05/02 12:25:09 AM OEZ","George R.R. Martin -  Das Lied von Eis und Feuer 05. Sturm der Schwerter","Alex Spohr -  Rüstkammer des Dornenreiches","Terry Pratchett -  Pyramids","Christine Nöslinger -  Der Zwerg im Kopf","Heinz Körner -  Engelsfeuer","Terry Pratchett -  Kleine freie Männer","Philip K. Dick -  Blade Runner","Erin Hunter -  Broken Pride","James Dashner -  Maze Runner 01. Die Auserwählten - Im Labyrinth","Erik Ronholt -  Papierflieger","Michael Weisser -  OFFSHORE","Ralf Butschkow -  Ich hab einen Freund, der ist Astronaut","Esphyr Slobodkina -  Circus Caps for Sale","Katie O'Neill -  Princess Princess Ever After","Wendy Froud, Brian Froud -  Brian Froud's Faeries' Tales","Jay Asher -  13 Reasons Why","Sven Nordqvist -  Das große Bastelbuch für kreative Entdecker","Alvin Schwartz -  There Is a Carrot in My Ear and Other Noodle Tales","Andrea Küssner-Neubert -  Das Ausschneide-Bastelbuch - Kleine Unterwasserwelt","Anna Dewdney -  Llama Llama y su Pijama Roja = Llama Llama and the Lucky Pajamas"
"2021/05/02 10:38:16 AM OEZ","George R.R. Martin -  Das Lied von Eis und Feuer 05. Sturm der Schwerter","Wolfgang Hohlbein -  Die Töchter des Drachen/Der Thron der Libelle","J. R. R. Tolkien -  Der Herr der Ringe","Christine Nöslinger -  Der Zwerg im Kopf","H. G. Wells -  Krieg der Welten","Terry Pratchett -  Kleine freie Männer","Philip K. Dick -  Blade Runner","Erin Hunter -  Broken Pride","JK Franks -  Kingdoms of Sorrow","Loewe Verlag -  Mandala-Licherzauber Fabelwesen","R. E. Close -  ACHIRD","SCHLEICH® Horse Club - Eine gelungene Überraschung","Esphyr Slobodkina -  Circus Caps for Sale","Gustav Schwab -  Griechische Sagen","Lutz van Dijk -  Verdammt starke Liebe","Margaret Atwood -  The Testaments","Sven Nordqvist -  Das große Bastelbuch für kreative Entdecker","Alvin Schwartz -  There Is a Carrot in My Ear and Other Noodle Tales","Morgan Michelle -  Toby Turtle and the Underwater Crew","Anna Dewdney -  Llama Llama y su Pijama Roja = Llama Llama and the Lucky Pajamas"
"2021/05/02 10:43:51 AM OEZ","George R.R. Martin -  Das Lied von Eis und Feuer 06. Die Königin der Drachen","J. R. Ward -  Ewig geliebt","Noel Green -  Advanced Potion Making","Christine Nöslinger -  Der Zwerg im Kopf","H. G. Wells -  Krieg der Welten","Terry Pratchett -  Kleine freie Männer","Philip K. Dick -  Blade Runner","Robert Muchamore -  The General","J. S. Morin -  Extinction Reversed","Henry Carroll -  So machst du richtig coole Kunst","R. E. Close -  ACHIRD","SCHLEICH® Horse Club - Eine gelungene Überraschung","Frank Cottrell Boyce -  Desirable","Gustav Schwab -  Griechische Sagen","Aloysius Bertrand -  Gaspard de la Nuit","Brandon Sanderson -  Rhythm of War - The Stormlight Archive 04","Sven Nordqvist -  Das große Bastelbuch für kreative Entdecker","Jakob M. Leonhardt -  Knapp vorbei ist auch daneben","Morgan Michelle -  Toby Turtle and the Underwater Crew","Anna Dewdney -  Llama Llama y su Pijama Roja = Llama Llama and the Lucky Pajamas"
"2021/05/02 2:05:27 PM OEZ","George R.R. Martin -  Das Lied von Eis und Feuer 05. Sturm der Schwerter","J. R. Ward -  Ewig geliebt","J. R. R. Tolkien -  Der Herr der Ringe","Jean-Jacques Sempe, Rene Goscinny -  Les vacances du petit Nicolas","Heinz Körner -  Engelsfeuer","Terry Pratchett -  Kleine freie Männer","Philip K. Dick -  Blade Runner","Erin Hunter -  Broken Pride","James Dashner -  Maze Runner 01. Die Auserwählten - Im Labyrinth","Henry Carroll -  So machst du richtig coole Kunst","R. E. Close -  ACHIRD","SCHLEICH® Horse Club - Von Punkt zu Punkt","Frank Cottrell Boyce -  Desirable","Tad Williams -  Brothers of the Wind","Lutz van Dijk -  Verdammt starke Liebe","Jay Asher -  13 Reasons Why","Sven Nordqvist -  Das große Bastelbuch für kreative Entdecker","Alvin Schwartz -  There Is a Carrot in My Ear and Other Noodle Tales","Stella Tack -  Kiss Me Twice - Kiss the Bodyguard 2","E. L. Konigsburg -  Dos Ninos y Un Angel En Nueva York"
"2021/05/02 2:28:18 PM OEZ","George R.R. Martin -  Das Lied von Eis und Feuer 05. Sturm der Schwerter","Alex Spohr -  Rüstkammer des Dornenreiches","J. R. R. Tolkien -  Der Herr der Ringe","Jean-Jacques Sempe, Rene Goscinny -  Les vacances du petit Nicolas","Conan Doyle -  Die verlorene Welt","Terry Pratchett -  Kleine freie Männer","Philip K. Dick -  Blade Runner","Erin Hunter -  Broken Pride","James Dashner -  Maze Runner 01. Die Auserwählten - Im Labyrinth","Loewe Verlag -  Mandala-Licherzauber Fabelwesen","R. E. Close -  White Witch","SCHLEICH® Horse Club - Eine gelungene Überraschung","Esphyr Slobodkina -  Circus Caps for Sale","Gustav Schwab -  Griechische Sagen","Aloysius Bertrand -  Gaspard de la Nuit","Jay Asher -  13 Reasons Why","Fiona Watt -  Mein Stickerbuch: Bei den alten Griechen","Penelope Dyan -  Bubble Trouble---For Boys Only (R)","Morgan Michelle -  Toby Turtle and the Underwater Crew","Margaret Salter -  'por Qué No Puedo Dormir?"
"2021/05/02 2:43:58 PM OEZ","George R.R. Martin -  Das Lied von Eis und Feuer 05. Sturm der Schwerter","Alex Spohr -  Rüstkammer des Dornenreiches","J. R. R. Tolkien -  Der Herr der Ringe","Jean-Jacques Sempe, Rene Goscinny -  Les vacances du petit Nicolas","H. G. Wells -  Krieg der Welten","Terry Pratchett -  Kleine freie Männer","Philip K. Dick -  Blade Runner","Meagan Spooner -  Hunted","JK Franks -  Kingdoms of Sorrow","Loewe Verlag -  Mandala-Licherzauber Fabelwesen","R. E. Close -  White Witch","SCHLEICH® Horse Club - Von Punkt zu Punkt","Esphyr Slobodkina -  Circus Caps for Sale","Gustav Schwab -  Griechische Sagen","Lutz van Dijk -  Verdammt starke Liebe","Jay Asher -  13 Reasons Why","Fiona Watt -  Mein Stickerbuch: Bei den alten Griechen","Alvin Schwartz -  There Is a Carrot in My Ear and Other Noodle Tales","Morgan Michelle -  Toby Turtle and the Underwater Crew","Anna Dewdney -  Llama Llama y su Pijama Roja = Llama Llama and the Lucky Pajamas"
"2021/05/02 3:40:20 PM OEZ","George R.R. Martin -  Das Lied von Eis und Feuer 05. Sturm der Schwerter","Alex Spohr -  Rüstkammer des Dornenreiches","J. R. R. Tolkien -  Der Herr der Ringe","Jean-Jacques Sempe, Rene Goscinny -  Les vacances du petit Nicolas","H. G. Wells -  Krieg der Welten","Terry Pratchett -  Kleine freie Männer","Philip K. Dick -  Blade Runner","Erin Hunter -  Broken Pride","JK Franks -  Kingdoms of Sorrow","Loewe Verlag -  Mandala-Licherzauber Fabelwesen","R. E. Close -  White Witch","SCHLEICH® Horse Club - Von Punkt zu Punkt","Esphyr Slobodkina -  Circus Caps for Sale","","Lutz van Dijk -  Verdammt starke Liebe","Jay Asher -  13 Reasons Why","Fiona Watt -  Mein Stickerbuch: Bei den alten Griechen","Penelope Dyan -  Bubble Trouble---For Boys Only (R)","Morgan Michelle -  Toby Turtle and the Underwater Crew","Anna Dewdney -  Llama Llama y su Pijama Roja = Llama Llama and the Lucky Pajamas"
"2021/05/02 3:53:25 PM OEZ","George R.R. Martin -  Das Lied von Eis und Feuer 05. Sturm der Schwerter","Alex Spohr -  Rüstkammer des Dornenreiches","J. R. R. Tolkien -  Der Herr der Ringe","Jean-Jacques Sempe, Rene Goscinny -  Les vacances du petit Nicolas","H. G. Wells -  Krieg der Welten","Terry Pratchett -  Kleine freie Männer","Philip K. Dick -  Blade Runner","Meagan Spooner -  Hunted","JK Franks -  Kingdoms of Sorrow","Loewe Verlag -  Mandala-Licherzauber Fabelwesen","R. E. Close -  White Witch","SCHLEICH® Horse Club - Von Punkt zu Punkt","Esphyr Slobodkina -  Circus Caps for Sale","Gustav Schwab -  Griechische Sagen","Lutz van Dijk -  Verdammt starke Liebe","Jay Asher -  13 Reasons Why","Fiona Watt -  Mein Stickerbuch: Bei den alten Griechen","Alvin Schwartz -  There Is a Carrot in My Ear and Other Noodle Tales","Morgan Michelle -  Toby Turtle and the Underwater Crew","Anna Dewdney -  Llama Llama y su Pijama Roja = Llama Llama and the Lucky Pajamas"
"2021/05/02 4:42:50 PM OEZ","George R.R. Martin -  Das Lied von Eis und Feuer 03. Der Thron der Sieben Königreiche","Wolfgang Hohlbein -  Die Töchter des Drachen/Der Thron der Libelle","Noel Green -  Advanced Potion Making","Jeff Kinney -  Diary of a Wimpy Kid 14. Wrecking Ball","H. G. Wells -  Krieg der Welten","","","","","","","","","","","","","","","Margaret Salter -  'por Qué No Puedo Dormir?"
"2021/05/02 4:43:15 PM OEZ","George R.R. Martin -  Das Lied von Eis und Feuer 03. Der Thron der Sieben Königreiche","Alex Spohr -  Rüstkammer des Dornenreiches","","","","","","","","Loewe Verlag -  Mandala-Licherzauber Fabelwesen","","","Andy Stanton -  Mr Gum and the Cherry Tree","","","","","","",""
"2021/05/02 8:41:05 PM OEZ","George R.R. Martin -  Das Lied von Eis und Feuer 03. Der Thron der Sieben Königreiche","Wolfgang Hohlbein -  Die Töchter des Drachen/Der Thron der Libelle","J. R. R. Tolkien -  Der Herr der Ringe","Christine Nöslinger -  Der Zwerg im Kopf","H. G. Wells -  Krieg der Welten","Tamara Glück -  Goldmond","Philip K. Dick -  Blade Runner","Erin Hunter -  Broken Pride","James Dashner -  Maze Runner 01. Die Auserwählten - Im Labyrinth","Loewe Verlag -  Mandala-Licherzauber Fabelwesen","Michael Weisser -  OFFSHORE","Ralf Butschkow -  Ich hab einen Freund, der ist Astronaut","Andy Stanton -  Mr Gum and the Cherry Tree","Katie O'Neill -  Princess Princess Ever After","Lutz van Dijk -  Verdammt starke Liebe","Jay Asher -  13 Reasons Why","Sven Nordqvist -  Das große Bastelbuch für kreative Entdecker","Penelope Dyan -  Bubble Trouble---For Boys Only (R)","Morgan Michelle -  Toby Turtle and the Underwater Crew","Anna Dewdney -  Llama Llama y su Pijama Roja = Llama Llama and the Lucky Pajamas"
"2021/05/03 7:59:00 AM OEZ","George R.R. Martin -  Das Lied von Eis und Feuer 05. Sturm der Schwerter","Alex Spohr -  Rüstkammer des Dornenreiches","J. R. R. Tolkien -  Der Herr der Ringe","Jean-Jacques Sempe, Rene Goscinny -  Les vacances du petit Nicolas","H. G. Wells -  Krieg der Welten","Terry Pratchett -  Kleine freie Männer","Philip K. Dick -  Blade Runner","Erin Hunter -  Broken Pride","J. S. Morin -  Extinction Reversed","Loewe Verlag -  Mandala-Licherzauber Fabelwesen","R. E. Close -  White Witch","SCHLEICH® Horse Club - Von Punkt zu Punkt","Esphyr Slobodkina -  Circus Caps for Sale","Gustav Schwab -  Griechische Sagen","Lutz van Dijk -  Verdammt starke Liebe","Margaret Atwood -  The Testaments","Fiona Watt -  Mein Stickerbuch: Bei den alten Griechen","Penelope Dyan -  Bubble Trouble---For Boys Only (R)","Morgan Michelle -  Toby Turtle and the Underwater Crew","Margaret Salter -  'por Qué No Puedo Dormir?"
"2021/05/03 8:09:23 AM OEZ","George R.R. Martin -  Das Lied von Eis und Feuer 06. Die Königin der Drachen","J. R. Ward -  Ewig geliebt","J. R. R. Tolkien -  Der Herr der Ringe","Jeff Kinney -  Diary of a Wimpy Kid 14. Wrecking Ball","Conan Doyle -  Die verlorene Welt","Terry Pratchett -  The Light Fantastic","Jean-Francois Marival -  La Mémoire interdite","Erin Hunter -  Broken Pride","J. S. Morin -  Extinction Reversed","Loewe Verlag -  Mandala-Licherzauber Fabelwesen","R. E. Close -  ACHIRD","Ralf Butschkow -  Ich hab einen Freund, der ist Astronaut","Andy Stanton -  Mr Gum and the Cherry Tree","Tad Williams -  Brothers of the Wind","Wendy Froud, Brian Froud -  Brian Froud's Faeries' Tales","Jay Asher -  13 Reasons Why","Fiona Watt -  Mein Stickerbuch: Bei den alten Griechen","Alvin Schwartz -  There Is a Carrot in My Ear and Other Noodle Tales","Stella Tack -  Kiss Me Twice - Kiss the Bodyguard 2","Anna Dewdney -  Llama Llama y su Pijama Roja = Llama Llama and the Lucky Pajamas"
"2021/05/03 8:37:16 AM OEZ","George R.R. Martin -  Das Lied von Eis und Feuer 05. Sturm der Schwerter","Alex Spohr -  Rüstkammer des Dornenreiches","J. R. R. Tolkien -  Der Herr der Ringe","Jean-Jacques Sempe, Rene Goscinny -  Les vacances du petit Nicolas","H. G. Wells -  Krieg der Welten","Terry Pratchett -  Kleine freie Männer","Philip K. Dick -  Blade Runner","Erin Hunter -  Broken Pride","J. S. Morin -  Extinction Reversed","Loewe Verlag -  Mandala-Licherzauber Fabelwesen","R. E. Close -  ACHIRD","SCHLEICH® Horse Club - Von Punkt zu Punkt","Esphyr Slobodkina -  Circus Caps for Sale","Gustav Schwab -  Griechische Sagen","Lutz van Dijk -  Verdammt starke Liebe","Margaret Atwood -  The Testaments","Fiona Watt -  Mein Stickerbuch: Bei den alten Griechen","Penelope Dyan -  Bubble Trouble---For Boys Only (R)","Morgan Michelle -  Toby Turtle and the Underwater Crew","Anna Dewdney -  Llama Llama y su Pijama Roja = Llama Llama and the Lucky Pajamas"
"2021/05/03 12:51:53 PM OEZ","George R.R. Martin -  Das Lied von Eis und Feuer 03. Der Thron der Sieben Königreiche","Wolfgang Hohlbein -  Die Töchter des Drachen/Der Thron der Libelle","J. R. R. Tolkien -  Der Herr der Ringe","Jeff Kinney -  Diary of a Wimpy Kid 14. Wrecking Ball","H. G. Wells -  Krieg der Welten","","","","","Henry Carroll -  So machst du richtig coole Kunst","","","","Katie O'Neill -  Princess Princess Ever After","","Margaret Atwood -  The Testaments","","","",""
"2021/05/03 1:01:05 PM OEZ","George R.R. Martin -  Das Lied von Eis und Feuer 05. Sturm der Schwerter","Alex Spohr -  Rüstkammer des Dornenreiches","J. R. R. Tolkien -  Der Herr der Ringe","Jean-Jacques Sempe, Rene Goscinny -  Les vacances du petit Nicolas","H. G. Wells -  Krieg der Welten","Terry Pratchett -  Kleine freie Männer","Philip K. Dick -  Blade Runner","Erin Hunter -  Broken Pride","JK Franks -  Kingdoms of Sorrow","Loewe Verlag -  Mandala-Licherzauber Fabelwesen","R. E. Close -  White Witch","SCHLEICH® Horse Club - Eine gelungene Überraschung","Esphyr Slobodkina -  Circus Caps for Sale","Gustav Schwab -  Griechische Sagen","Lutz van Dijk -  Verdammt starke Liebe","Jay Asher -  13 Reasons Why","Sven Nordqvist -  Das große Bastelbuch für kreative Entdecker","Alvin Schwartz -  There Is a Carrot in My Ear and Other Noodle Tales","Morgan Michelle -  Toby Turtle and the Underwater Crew","Anna Dewdney -  Llama Llama y su Pijama Roja = Llama Llama and the Lucky Pajamas"
"2021/05/03 1:02:49 PM OEZ","George R.R. Martin -  Das Lied von Eis und Feuer 06. Die Königin der Drachen","Alex Spohr -  Rüstkammer des Dornenreiches","J. R. R. Tolkien -  Der Herr der Ringe","Christine Nöslinger -  Der Zwerg im Kopf","H. G. Wells -  Krieg der Welten","Tamara Glück -  Goldmond","Philip K. Dick -  Blade Runner","Robert Muchamore -  The General","J. S. Morin -  Extinction Reversed","Loewe Verlag -  Mandala-Licherzauber Fabelwesen","R. E. Close -  ACHIRD","SCHLEICH® Horse Club - Von Punkt zu Punkt","Andy Stanton -  Mr Gum and the Cherry Tree","Gustav Schwab -  Griechische Sagen","Wendy Froud, Brian Froud -  Brian Froud's Faeries' Tales","Margaret Atwood -  The Testaments","Fiona Watt -  Mein Anziehpuppen-Stickerbuch: Meerjungfrauen","Alvin Schwartz -  There Is a Carrot in My Ear and Other Noodle Tales","Stella Tack -  Kiss Me Twice - Kiss the Bodyguard 2","Anna Dewdney -  Llama Llama y su Pijama Roja = Llama Llama and the Lucky Pajamas"
"2021/05/03 1:03:34 PM OEZ","George R.R. Martin -  Das Lied von Eis und Feuer 03. Der Thron der Sieben Königreiche","Wolfgang Hohlbein -  Die Töchter des Drachen/Der Thron der Libelle","J. R. R. Tolkien -  Der Herr der Ringe","Jeff Kinney -  Diary of a Wimpy Kid 14. Wrecking Ball","Conan Doyle -  Die verlorene Welt","Terry Pratchett -  Kleine freie Männer","Philip K. Dick -  Blade Runner","Erin Hunter -  Broken Pride","J. S. Morin -  Extinction Reversed","Loewe Verlag -  Mandala-Licherzauber Fabelwesen","R. E. Close -  ACHIRD","SCHLEICH® Horse Club - Eine gelungene Überraschung","Esphyr Slobodkina -  Circus Caps for Sale","Gustav Schwab -  Griechische Sagen","Lutz van Dijk -  Verdammt starke Liebe","Jay Asher -  13 Reasons Why","Sven Nordqvist -  Das große Bastelbuch für kreative Entdecker","Penelope Dyan -  Bubble Trouble---For Boys Only (R)","Morgan Michelle -  Toby Turtle and the Underwater Crew","Anna Dewdney -  Llama Llama y su Pijama Roja = Llama Llama and the Lucky Pajamas"
"2021/05/03 2:42:48 PM OEZ","George R.R. Martin -  Das Lied von Eis und Feuer 05. Sturm der Schwerter","Alex Spohr -  Rüstkammer des Dornenreiches","J. R. R. Tolkien -  Der Herr der Ringe","Christine Nöslinger -  Der Zwerg im Kopf","H. G. Wells -  Krieg der Welten","Terry Pratchett -  Kleine freie Männer","Philip K. Dick -  Blade Runner","Erin Hunter -  Broken Pride","J. S. Morin -  Extinction Reversed","Erik Ronholt -  Papierflieger","R. E. Close -  ACHIRD","SCHLEICH® Horse Club - Von Punkt zu Punkt","Esphyr Slobodkina -  Circus Caps for Sale","Gustav Schwab -  Griechische Sagen","Aloysius Bertrand -  Gaspard de la Nuit","Jay Asher -  13 Reasons Why","Fiona Watt -  Mein Anziehpuppen-Stickerbuch: Meerjungfrauen","Penelope Dyan -  Bubble Trouble---For Boys Only (R)","Stella Tack -  Kiss Me Twice - Kiss the Bodyguard 2","Anna Dewdney -  Llama Llama y su Pijama Roja = Llama Llama and the Lucky Pajamas"
"2021/05/03 3:35:44 PM OEZ","George R.R. Martin -  Das Lied von Eis und Feuer 03. Der Thron der Sieben Königreiche","Alex Spohr -  Rüstkammer des Dornenreiches","J. R. R. Tolkien -  Der Herr der Ringe","Jean-Jacques Sempe, Rene Goscinny -  Les vacances du petit Nicolas","H. G. Wells -  Krieg der Welten","Terry Pratchett -  The Light Fantastic","Philip K. Dick -  Blade Runner","Erin Hunter -  Broken Pride","J. S. Morin -  Extinction Reversed","Loewe Verlag -  Mandala-Licherzauber Fabelwesen","R. E. Close -  ACHIRD","SCHLEICH® Horse Club - Eine gelungene Überraschung","Esphyr Slobodkina -  Circus Caps for Sale","Katie O'Neill -  Princess Princess Ever After","Wendy Froud, Brian Froud -  Brian Froud's Faeries' Tales","Jay Asher -  13 Reasons Why","Fiona Watt -  Mein Stickerbuch: Bei den alten Griechen","Penelope Dyan -  Bubble Trouble---For Boys Only (R)","Andrea Küssner-Neubert -  Das Ausschneide-Bastelbuch - Kleine Unterwasserwelt","Anna Dewdney -  Llama Llama y su Pijama Roja = Llama Llama and the Lucky Pajamas"
"2021/05/04 12:29:25 PM OEZ","George R.R. Martin -  Das Lied von Eis und Feuer 06. Die Königin der Drachen","Wolfgang Hohlbein -  Die Töchter des Drachen/Der Thron der Libelle","J. R. R. Tolkien -  Der Herr der Ringe","Jean-Jacques Sempe, Rene Goscinny -  Les vacances du petit Nicolas","H. G. Wells -  Krieg der Welten","Terry Pratchett -  Kleine freie Männer","Philip K. Dick -  Blade Runner","Erin Hunter -  Broken Pride","JK Franks -  Kingdoms of Sorrow","Loewe Verlag -  Mandala-Licherzauber Fabelwesen","R. E. Close -  White Witch","SCHLEICH® Horse Club - Eine gelungene Überraschung","Esphyr Slobodkina -  Circus Caps for Sale","Gustav Schwab -  Griechische Sagen","Lutz van Dijk -  Verdammt starke Liebe","Margaret Atwood -  The Testaments","Sven Nordqvist -  Das große Bastelbuch für kreative Entdecker","Penelope Dyan -  Bubble Trouble---For Boys Only (R)","Morgan Michelle -  Toby Turtle and the Underwater Crew","Anna Dewdney -  Llama Llama y su Pijama Roja = Llama Llama and the Lucky Pajamas"